Date ,Water meter Reading (m3),Daily Water consumption (m3),Water (Production) Consumption Daily (Lts),Boster pump discharge pressure Bar morning/evening,Water Consumption Daily for others (Ltrs),Remarks,Energy meter Readings MDB1 in KWH ADDC,MDB 01 DAILY CONSUMPTION in KWH,Energy meter Readings MDB2 in KWH ADDC,MDB 02 DAILY CONSUMPTION  in KWH,MDB01 & MDB 02 DAILY TOTAL UNIT  in KWH,MDB01 & MDB 02 DAILY TOTAL UNIT  in KWH,HR & Finance Office SMDB 05  in KWH,HR & Finance office Consumption  in KWH,Canteen FDB 04  in KWH,Canteen Second DB in KWH,Canteen Consumption in KWH,Admin FDB 05 in KWH,Admin Ext. DB in KWH,Admin Consumption in KWH,"HR,CANTEEN & ADMIN DAILY TOTAL in KWH",FACTORY DAILY CONSUMPTION  in KWH,FACTORY DAILY CONSUMPTION  in KWH for Daily KPI Disply presentation reference
01-Jan-23,44244.39,108.4,,4.0/4.0,,,980471,930,969253,856,1786,1786,135731,26,104924,127598,152,238915,305704,386,564,1222,1222
02-Jan-23,44308.21,63.82,,4.0/4.0,,,982558,2087,970290,1037,3124,3124,135781,50,104977,127655,110,239002,305751,134,294,2830,2830
03-Jan-23,44424.55,116.34,,4.0/4.0,,,985023,2465,971562,1272,3737,3737,135868,87,105052,127751,171,239142,305913,302,560,3177,3177
04-Jan-23,44532.64,108.09,,4.0/4.0,,,987502,2479,972777,1215,3694,3694,135975,107,105129,127845,171,239284,306072,301,579,3115,3115
05-Jan-23,44644.98,112.34,,4.0/4.0,,,990338,2836,973913,1136,3972,3972,136087,112,105213,127942,181,239423,306234,301,594,3378,3378
06-Jan-23,44783.38,138.4,,4.0/4.0,,,993055,2717,975154,1241,3958,3958,136185,98,105320,128074,239,239633,306515,491,828,3130,3130
07-Jan-23,44783.38,0,,4.0/4.0,,,993055,0,975154,0,0,0,136185,0,105320,128074,0,239633,306515,0,0,0,0
08-Jan-23,44783.38,0,,4.0/4.0,,,993055,0,975154,0,0,0,136185,0,105320,128074,0,239633,306515,0,0,0,0
09-Jan-23,44970.71,187.33,,4.0/4.0,,,996908,3853,976893,1739,5592,5592,136271,86,105442,128230,278,239900,306791,543,907,4685,4685
10-Jan-23,45127.35,156.64,,4.0/4.0,,,999584,2676,978201,1308,3984,3984,136346,75,105522,128320,170,240057,306954,320,565,3419,3419
11-Jan-23,45251.09,123.74,,4.0/4.0,,,1002298,2714,979539,1338,4052,4052,136474,128,105600,128411,169,240205,307123,317,614,3438,3438
12-Jan-23,45356.53,105.44,,4.0/4.0,,,1005211,2913,980688,1149,4062,4062,136564,90,105677,128498,164,240360,307279,311,565,3497,3497
13-Jan-23,45448.62,92.09,,4.0/4.0,,,1007361,2150,981677,989,3139,3139,136662,98,105740,128582,147,240480,307426,267,512,2627,2627
14-Jan-23,45448.62,0,,4.0/4.0,,,1007361,0,981677,0,0,0,136662,0,105740,128582,0,240480,307426,0,0,0,0
15-Jan-23,45448.62,0,,4.0/4.0,,,1007361,0,981677,0,0,0,136662,0,105740,128582,0,240480,307426,0,0,0,0
16-Jan-23,45659.28,210.66,,4.0/4.0,,,1012475,5114,983843,2166,7280,7280,136757,95,105915,128809,402,240807,307848,749,1246,6034,6034
17-Jan-23,45777.51,118.23,,4.0/4.0,,,1015311,2836,985000,1157,3993,3993,136842,85,105991,128901,168,240942,308017,304,557,3436,3436
18-Jan-23,45876.09,98.58,,4.0/4.0,,,1018027,2716,986369,1369,4085,4085,136927,85,106084,128995,187,241083,308181,305,577,3508,3508
19-Jan-23,45989.38,113.29,,4.0/4.0,,,1020907,2880,987656,1287,4167,4167,137002,75,106164,129082,167,241224,308335,295,537,3630,3630
20-Jan-23,46118.75,129.37,,4.0/4.0,,,1023923,3016,989118,1462,4478,4478,137159,157,106255,129200,209,241412,308583,436,802,3676,3676
21-Jan-23,46118.75,0,,4.0/4.0,,,1023923,0,989118,0,0,0,137159,0,106255,129200,0,241412,308583,0,0,0,0
22-Jan-23,46118.75,0,,4.0/4.0,,,1023923,0,989118,0,0,0,137159,0,106255,129200,0,241412,308583,0,0,0,0
23-Jan-23,46300.93,182.18,,4.0/4.0,,,1027748,3825,990780,1662,5487,5487,137191,32,106383,129351,279,241657,308828,490,801,4686,4686
24-Jan-23,46412.69,111.76,,4.0/4.0,,,1030698,2950,991963,1183,4133,4133,137246,55,106447,129440,153,241786,308964,265,473,3660,3660
25-Jan-23,46540.42,127.73,,4.0/4.0,,,1033299,2601,993304,1341,3942,3942,137334,88,106516,129529,158,241921,309108,279,525,3417,3417
26-Jan-23,46703.06,162.64,,4.0/4.0,,,1036678,3379,994991,1687,5066,5066,137466,132,106615,129654,224,242134,309349,454,810,4256,4256
27-Jan-23,46746.92,43.86,,4.0/4.0,,,1038088,1410,995593,602,2012,2012,137526,60,106665,129725,121,242273,309482,272,453,1559,1559
28-Jan-23,46872.78,125.86,,4.0/4.0,,,1039277,1189,996057,464,1653,1653,137529,,106670,129730,10,242284,309485,14,24,1629,1629
29-Jan-23,46872.78,0,,4.0/4.0,,,1039277,0,996057,0,0,0,137529,0,106670,129730,0,242284,309485,0,0,0,0
30-Jan-23,46961.18,88.4,,4.0/4.0,,,1042262,2985,997375,1318,4303,4303,137582,53,106759,129855,214,242494,309737,462,729,3574,3574
31-Jan-23,47059.98,98.8,,4.0/4.0,,,1045138,2876,998458,1083,3959,3959,137664,82,106823,129943,152,242628,309890,287,521,3438,3438
01-Feb-23,47148.38,88.4,,4.0/4.0,,,1048042,2904,999461,1003,3907,3907,137733,69,106883,130035,152,242769,310046,297,518,3389,3389
02-Feb-23,47251.71,103.33,,4.0/4.0,,,1050693,2651,1000592,1131,3782,3782,137814,81,106955,130128,165,242913,310201,299,545,3237,3237
03-Feb-23,47348.48,96.77,,4.0/4.0,,,1053168,2475,1001782,1190,3665,3665,137934,120,107041,130246,204,243099,310459,444,768,2897,2897
04-Feb-23,47348.48,0,,4.0/4.0,,,1053168,0,1001782,0,0,0,137934,0,107041,130246,0,243099,310459,0,0,0,0
05-Feb-23,47348.48,0,,4.0/4.0,,,1053168,0,1001782,0,0,0,137934,0,107041,130246,0,243099,310459,0,0,0,0
06-Feb-23,47566.16,217.68,,4.0/4.0,,,1057435,4267,1003497,1715,5982,5982,138047,113,107168,130383,264,243336,310747,525,902,5080,5080
07-Feb-23,47678.38,112.22,,4.0/4.0,,,1060009,2574,1004998,1501,4075,4075,138135,88,107248,130465,162,243486,310914,317,567,3508,3508
08-Feb-23,47760.61,82.23,,4.0/4.0,,,1063112,3103,1005929,931,4034,4034,138236,101,107320,130545,152,243623,311086,309,562,3472,3472
09-Feb-23,47866.82,106.21,,4.0/4.0,,,1065674,2562,1007110,1181,3743,3743,138304,68,107388,130625,148,243763,311242,296,512,3231,3231
10-Feb-23,47992.18,125.36,,4.0/4.0,,,1069155,3481,1008485,1375,4856,4856,138451,147,107488,130746,221,243992,311509,496,864,3992,3992
11-Feb-23,47992.18,0,,4.0/4.0,,,1069155,0,1008485,0,0,0,138451,0,107488,130746,0,243992,311509,0,0,0,0
12-Feb-23,47992.18,0,,4.0/4.0,,,1069155,0,1008485,0,0,0,138451,0,107488,130746,0,243992,311509,0,0,0,0
13-Feb-23,48139.35,147.17,,4.0/4.0,,,1071922,2767,1010033,1548,4315,4315,138520,69,107578,130866,210,244215,311780,494,773,3542,3542
14-Feb-23,48234.31,94.96,,4.0/4.0,,,1074734,2812,1011289,1256,4068,4068,138672,152,107705,130989,250,244453,312075,533,935,3133,3133
15-Feb-23,48326.36,92.05,,4.0/4.0,,,1077704,2970,1012752,1463,4433,4433,138708,36,107752,131042,100,244545,312126,143,279,4154,4154
16-Feb-23,48427.95,101.59,,4.0/4.0,,,1080623,2919,1014144,1392,4311,4311,138799,91,107828,131143,177,244683,312296,308,576,3735,3735
17-Feb-23,48517.43,89.48,,4.0/4.0,,,1082789,2166,1015135,991,3157,3157,138914,115,107899,131234,162,244806,312448,275,552,2605,2605
18-Feb-23,48517.43,0,,4.0/4.0,,,1082789,0,1015135,0,0,0,138914,0,107899,131234,0,244806,312448,0,0,0,0
19-Feb-23,48517.43,0,,4.0/4.0,,,1082789,0,1015135,0,0,0,138914,0,107899,131234,0,244806,312448,0,0,0,0
20-Feb-23,48767.35,249.92,,4.0/4.0,,,1087485,4696,1017464,2329,7025,7025,139023,109,108035,131349,251,245105,312853,704,1064,5961,5961
21-Feb-23,48828.02,60.67,,4.0/4.0,,,1089736,2251,1018269,805,3056,3056,139107,84,108094,131536,246,245232,313007,281,611,2445,2445
22-Feb-23,48933.77,105.75,,4.0/4.0,,,1092492,2756,1019395,1126,3882,3882,139219,112,108165,131634,169,245369,313149,279,560,3322,3322
23-Feb-23,49031.73,97.96,,4.0/4.0,,,1095338,2846,1020617,1222,4068,4068,139300,81,108234,131728,163,245519,313301,302,546,3522,3522
24-Feb-23,49122.01,90.28,,4.0/4.0,,,1097375,2037,1021639,1022,3059,3059,139409,109,108310,131820,168,245654,313443,277,554,2505,2505
25-Feb-23,49122.01,0,,4.0/4.0,,,1097375,0,1021639,0,0,0,139409,0,108310,131820,0,245654,313443,0,0,0,0
26-Feb-23,49122.01,0,,4.0/4.0,,,1097375,0,1021639,0,0,0,139409,0,108310,131820,0,245654,313443,0,0,0,0
27-Feb-23,49345.21,223.2,,4.0/4.0,,,1102311,4936,1024018,2379,7315,7315,139541,132,108485,132082,437,246050,313920,873,1442,5873,5873
28-Feb-23,49449.65,104.44,,4.0/4.0,,,1105433,3122,1025490,1472,4594,4594,139736,195,108623,132250,306,246323,314227,580,1081,3513,3513
01-Mar-23,49562.78,113.13,,4.0/4.0,,,1108360,2927,1026848,1358,4285,4285,139881,145,108702,132366,195,246492,314399,341,681,3604,3604
02-Mar-23,49674.39,111.61,,4.0/4.0,,,1110942,2582,1028361,1513,4095,4095,139954,73,108750,132424,106,246580,314459,148,327,3768,3768
03-Mar-23,49769.93,95.54,,4.0/4.0,,,1113153,2211,1029588,1227,3438,3438,140044,90,108807,132531,164,246727,314618,306,560,2878,2878
04-Mar-23,49769.93,0,,4.0/4.0,,,1113153,0,1029588,0,0,0,140044,0,108807,132531,0,246727,314618,0,0,0,0
05-Mar-23,49769.93,0,,4.0/4.0,,,1113153,0,1029588,0,0,0,140044,0,108807,132531,0,246727,314618,0,0,0,0
06-Mar-23,50044.05,274.12,,4.0/4.0,,,1117914,4761,1032451,2863,7624,7624,140271,227,108918,132832,412,247175,315176,1006,1645,5979,5979
07-Mar-23,50107.16,63.11,,4.0/4.0,,,1120419,2505,1033314,863,3368,3368,140339,68,108987,132890,127,247277,315249,175,370,2998,2998
08-Mar-23,50228.85,121.69,,4.0/4.0,,,1123247,2828,1034927,1613,4441,4441,140483,144,109085,132992,200,247455,315434,363,707,3734,3734
09-Mar-23,50349.81,120.96,,4.0/4.0,,,1125998,2751,1036268,1341,4092,4092,140629,146,109211,133093,227,247640,315637,388,761,3331,3331
10-Mar-23,50533.45,183.64,,4.0/4.0,,,1129999,4001,1038475,2207,6208,6208,140785,156,109364,133283,343,247933,315954,610,1109,5099,5099
11-Mar-23,50533.45,0,,4.0/4.0,,,1129999,0,1038475,0,0,0,140785,0,109364,133283,0,247933,315954,0,0,0,0
12-Mar-23,50533.45,0,,4.0/4.0,,,1129999,0,1038475,0,0,0,140785,0,109364,133283,0,247933,315954,0,0,0,0
13-Mar-23,50680.91,147.46,,4.0/4.0,,,1133313,3314,1040771,2296,5610,5610,140913,128,109481,133465,299,248227,316245,585,1012,4598,4598
14-Mar-23,50801.76,120.85,,4.0/4.0,,,1136350,3037,1042407,1636,4673,4673,141038,125,109556,133571,181,248430,316459,417,723,3950,3950
15-Mar-23,50910.79,109.03,,4.0/4.0,,,1139237,2887,1043938,1531,4418,4418,141163,125,109676,133682,231,248631,316653,395,751,3667,3667
16-Mar-23,51061.27,150.48,,4.0/4.0,,,1142832,3595,1046028,2090,5685,5685,141341,178,109797,133841,280,248907,316963,586,1044,4641,4641
17-Mar-23,51107.01,45.74,,4.0/4.0,,,1144588,1756,1046908,880,2636,2636,141399,58,109854,133893,109,249007,317028,165,332,2304,2304
18-Mar-23,51214.23,107.22,,4.0/4.0,,,1146498,1910,1048205,1297,3207,3207,141477,78,109937,134005,195,249132,317165,262,535,2672,2672
19-Mar-23,51336.07,121.84,,4.0/4.0,,,1148460,1962,1049287,1082,3044,3044,141518,41,109995,134122,175,249289,317367,359,575,2469,2469
20-Mar-23,51397.46,61.39,,4.0/4.0,,,1150816,2356,1050268,981,3337,3337,141612,94,110057,134185,125,249404,317443,191,410,2927,2927
21-Mar-23,51498.33,100.87,,4.0/4.0,,,1153587,2771,1051940,1672,4443,4443,141765,153,110146,134301,205,249617,317631,401,759,3684,3684
22-Mar-23,51593.64,95.31,,4.0/4.0,,,1156198,2611,1053568,1628,4239,4239,141896,131,110232,134411,196,249803,317826,381,708,3531,3531
23-Mar-23,51672.42,78.78,,4.0/4.0,,,1158098,1900,1054787,1219,3119,3119,141969,73,110300,134500,157,249943,317967,281,511,2608,2608
24-Mar-23,51747.76,75.34,,4.0/4.0,,,1160274,2176,1055931,1144,3320,3320,142129,160,110400,134639,239,250180,318263,533,932,2388,2388
25-Mar-23,51807.21,59.45,,4.0/4.0,,,1161482,1208,1056572,641,1849,1849,142143,14,110429,134662,52,250206,318270,33,99,1750,1750
26-Mar-23,51807.21,0,,4.0/4.0,,,1161482,0,1056572,0,0,0,142143,0,110429,134662,0,250206,318270,0,0,0,0
27-Mar-23,51981.07,173.86,,4.0/4.0,,,1165110,3628,1058705,2133,5761,5761,142258,115,110537,134879,325,250528,318660,712,1152,4609,4609
28-Mar-23,52012.56,31.49,,4.0/4.0,,,1166768,1658,1059466,761,2419,2419,142332,74,110576,134934,94,250619,318725,156,324,2095,2095
29-Mar-23,52133.32,120.76,,4.0/4.0,,,1169583,2815,1060796,1330,4145,4145,142422,90,110643,135035,168,250769,318917,342,600,3545,3545
30-Mar-23,52319.17,185.85,,4.0/4.0,,,1172617,3034,1061956,1160,4194,4194,142500,78,110704,135127,153,250900,319061,275,506,3688,3688
31-Mar-23,52461.57,142.4,,4.0/4.0,,,1175649,3032,1063400,1444,4476,4476,142660,160,110885,135365,419,251260,319215,514,1093,3383,3383
01-Apr-23,52461.57,0,,4.0/4.0,,,1175649,0,1063400,0,0,0,142660,0,110885,135365,0,251260,319215,0,0,0,0
02-Apr-23,52461.57,0,,4.0/4.0,,,1175649,0,1063400,0,0,0,142660,0,110885,135365,0,251260,319215,0,0,0,0
03-Apr-23,52501.66,40.09,,4.0/4.0,,,1177956,2307,1065416,2016,4323,4323,142709,49,110948,135454,152,251400,319578,503,704,3619,3619
04-Apr-23,52589.87,88.21,,4.0/4.0,,,1180335,2379,1066498,1082,3461,3461,142766,57,111011,135558,167,251557,319736,315,539,2922,2922
05-Apr-23,52674.79,84.92,,4.0/4.0,,,1182910,2575,1067695,1197,3772,3772,142838,72,111082,135652,165,251660,319878,245,482,3290,3290
06-Apr-23,52760.23,85.44,,4.0/4.0,,,1185301,2391,1069010,1315,3706,3706,142910,72,111116,135773,155,251721,320123,306,533,3173,3173
07-Apr-23,52873.33,113.1,,4.0/4.0,,,1188362,3061,1070502,1492,4553,4553,142995,85,111232,135750,93,251847,320192,195,373,4180,4180
08-Apr-23,52873.33,0,,4.0/4.0,,,1188362,0,1070502,0,0,0,142995,0,111232,135750,0,251847,320192,0,0,0,0
09-Apr-23,53014.82,141.49,,4.0/4.0,,,1191254,2892,1072137,1635,4527,4527,143033,38,111326,136063,407,252266,320498,725,1170,3357,3357
10-Apr-23,53081.43,66.61,,4.0/4.0,,,1193404,2150,1073115,978,3128,3128,143116,83,111388,136119,118,252364,320560,160,361,2767,2767
11-Apr-23,53174.81,93.38,,4.0/4.0,,,1196083,2679,1074747,1632,4311,4311,143233,117,111468,136224,185,252534,320742,352,654,3657,3657
12-Apr-23,53273.01,98.2,,4.0/4.0,,,1199162,3079,1076280,1533,4612,4612,143367,134,111569,136336,213,252714,320943,381,728,3884,3884
13-Apr-23,53376.45,103.44,,4.0/4.0,,,1202247,3085,1078961,2681,5766,5766,143514,147,111690,136454,239,252889,321137,369,755,5011,5011
14-Apr-23,53480.43,103.98,,4.0/4.0,,,1205332,3085,1081642,2681,5766,5766,143641,127,111812,136572,240,253064,321332,370,737,5029,5029
15-Apr-23,53624.91,144.48,,4.0/4.0,,,1208280,2948,1083829,2187,5135,5135,143672,31,111910,136574,100,253079,321350,33,164,4971,4971
16-Apr-23,53690.31,65.4,,4.0/4.0,,,1209690,1410,1084719,890,2300,2300,143718,46,111938,136815,269,253327,321714,612,927,1373,1373
17-Apr-23,53755.21,64.9,,4.0/4.0,,,1212033,2343,1086280,1561,3904,3904,143797,79,112009,136878,134,253436,321776,171,384,3520,3520
18-Apr-23,53896.41,141.2,,4.0/4.0,,,1215663,3630,1086919,639,4269,4269,143831,34,112023,136919,55,253494,321883,165,254,4015,4015
19-Apr-23,54003.81,107.4,,4.0/4.0,,,1217751,2088,1090303,3384,5472,5472,143989,158,112193,137085,336,253772,322099,494,988,4484,4484
20-Apr-23,54003.81,0,,4.0/4.0,,,1217751,0,1090303,0,0,0,143989,0,112193,137085,0,253772,322099,0,0,0,0
21-Apr-23,54003.81,0,,4.0/4.0,,,1217751,0,1090303,0,0,0,143989,0,112193,137085,0,253772,322099,0,0,0,0
22-Apr-23,54003.81,0,,4.0/4.0,,,1217751,0,1090303,0,0,0,143989,0,112193,137085,0,253772,322099,0,0,0,0
23-Apr-23,54414.38,410.57,,4.0/4.0,,,1223862,6111,1095445,5142,11253,11253,144055,66,112489,137484,695,254249,322691,1069,1830,9423,9423
24-Apr-23,54531.44,117.06,,4.0/4.0,,,1226868,3006,1098221,2776,5782,5782,144168,113,112616,137603,246,254449,322915,424,783,4999,4999
25-Apr-23,54635.44,104,,4.0/4.0,,,1230596,3728,1100917,2696,6424,6424,144384,216,112753,137725,259,254661,323178,475,950,5474,5474
26-Apr-23,54698.59,63.15,,4.0/4.0,,,1233490,2894,1103152,2235,5129,5129,144516,132,112862,137794,178,254805,323285,251,561,4568,4568
27-Apr-23,54854.56,155.97,,4.0/4.0,,,1237654,4164,1106481,3329,7493,7493,144710,194,113016,137962,322,255081,323643,634,1150,6343,6343
28-Apr-23,54950.51,95.95,,4.0/4.0,,,1239250,1596,1109203,2722,4318,4318,144891,181,112917,138210,149,255359,323999,634,964,3354,3354
29-Apr-23,54950.51,0,,4.0/4.0,,,1239250,0,1109203,0,0,0,144891,0,112917,138210,0,255359,323999,0,0,0,0
30-Apr-23,54950.51,0,,4.0/4.0,,,1239250,0,1109203,0,0,0,144891,0,112917,138210,0,255359,323999,0,0,0,0
01-May-23,55110.25,159.74,,4.0/4.0,,,1245909,6659,1113247,4044,10703,10703,145101,210,113433,138390,696,255658,324264,564,1470,9233,9233
02-May-23,55229.37,119.12,,4.0/4.0,,,1248898,2989,1116507,3260,6249,6249,145293,192,113571,138517,265,255874,324493,445,902,5347,5347
03-May-23,55369.29,139.92,,4.0/4.0,,,1252830,3932,1120584,4077,8009,8009,145533,240,113722,138704,338,256176,324839,648,1226,6783,6783
04-May-23,55481.21,111.92,,4.0/4.0,,,1256218,3388,1123958,3374,6762,6762,145680,147,113850,138821,245,256374,325060,419,811,5951,5951
05-May-23,55526.94,45.73,,4.0/4.0,,,1258417,2199,1125741,1783,3982,3982,145766,86,113942,138875,146,256479,325131,176,408,3574,3574
06-May-23,55526.94,0,,4.0/4.0,,,1258417,0,1125741,0,0,0,145766,0,113942,138875,0,256479,325131,0,0,0,0
07-May-23,55526.94,0,,4.0/4.0,,,1258417,0,1125741,0,0,0,145766,0,113942,138875,0,256479,325131,0,0,0,0
08-May-23,55813.11,286.17,,4.0/4.0,,,1266676,8259,1133178,7437,15696,15696,146057,291,114239,139177,599,256901,325598,889,1779,13917,13917
09-May-23,55907.77,94.66,,4.0/4.0,,,1269539,2863,1136503,3325,6188,6188,146238,181,114333,139303,220,257135,325841,477,878,5310,5310
10-May-23,55997.88,90.11,,4.0/4.0,,,1272668,3129,1140099,3596,6725,6725,146477,239,114456,139451,271,257370,326102,496,1006,5719,5719
11-May-23,56124.05,126.17,,4.0/4.0,,,1275899,3231,1143464,3365,6596,6596,146683,206,114566,139593,252,257612,326372,512,970,5626,5626
12-May-23,56227.76,103.71,,4.0/4.0,,,1278466,2567,1146124,2660,5227,5227,146856,173,114669,139712,222,257853,326599,468,863,4364,4364
13-May-23,56329.55,101.79,,4.0/4.0,,,1280992,2526,1149061,2937,5463,5463,146998,142,114759,139870,248,257926,326792,266,656,4807,4807
14-May-23,56432.43,102.88,,4.0/4.0,,,1283007,2015,1151811,2750,4765,4765,147049,51,114830,139979,180,258030,326927,239,470,4295,4295
15-May-23,56518.34,85.91,,4.0/4.0,,,1286244,3237,1155523,3712,6949,6949,147257,208,114929,140123,243,258220,327193,456,907,6042,6042
16-May-23,56627.69,109.35,,4.0/4.0,,,1289972,3728,1159330,3807,7535,7535,147452,195,114990,140265,203,258421,327430,438,836,6699,6699
17-May-23,56743.06,115.37,,4.0/4.0,,,1293557,3585,1163760,4430,8015,8015,147665,213,115076,140410,231,258639,327669,457,901,7114,7114
18-May-23,56848.41,105.35,,4.0/4.0,,,1297003,3446,1167678,3918,7364,7364,147868,203,115174,140561,249,258887,327907,486,938,6426,6426
19-May-23,56925.65,77.24,,4.0/4.0,,,1299896,2893,1171552,3874,6767,6767,148081,213,115274,140712,251,259112,328189,507,971,5796,5796
20-May-23,57035.23,109.58,,4.0/4.0,,,1302596,2700,1174884,3332,6032,6032,148249,168,115380,140862,256,259222,328333,254,678,5354,5354
21-May-23,57170.97,135.74,,4.0/4.0,,,1304949,2353,1178218,3334,5687,5687,148294,45,115458,140976,192,259338,328470,253,490,5197,5197
22-May-23,57281.67,110.7,,4.0/4.0,,,1308806,3857,1182479,4261,8118,8118,148503,209,115557,141127,250,259596,328745,533,992,7126,7126
23-May-23,57392.81,111.14,,4.0/4.0,,,1312820,4014,1186820,4341,8355,8355,148762,259,115688,141287,291,259879,329046,584,1134,7221,7221
24-May-23,57490.41,97.6,,4.0/4.0,,,1316868,4048,1191439,4619,8667,8667,148963,201,115830,141441,296,260108,329309,492,989,7678,7678
25-May-23,57587.43,97.02,,4.0/4.0,,,1320544,3676,1195556,4117,7793,7793,149198,235,115988,141578,295,260332,329566,481,1011,6782,6782
26-May-23,57675.31,87.88,,4.0/4.0,,,1324205,3661,1199726,4170,7831,7831,149421,223,116170,141731,335,260599,329856,557,1115,6716,6716
27-May-23,57766.72,91.41,,4.0/4.0,,,1327276,3071,1203305,3579,6650,6650,149508,87,116302,141878,279,260728,330009,282,648,6002,6002
28-May-23,57837.77,71.05,,4.0/4.0,,,1329038,1762,1205653,2348,4110,4110,149629,121,116361,141987,168,260833,330152,248,537,3573,3573
29-May-23,57904.85,67.08,,4.0/4.0,,,1332394,3356,1209837,4184,7540,7540,149841,212,116510,142198,360,261081,330426,522,1094,6446,6446
30-May-23,58019.27,114.42,,4.0/4.0,,,1335798,3404,1214302,4465,7869,7869,150141,300,116706,142353,351,261407,330844,744,1395,6474,6474
31-May-23,58123.26,103.99,,4.0/4.0,,,1338960,3162,1218381,4079,7241,7241,150344,203,116882,142508,331,261678,331128,555,1089,6152,6152
01-Jun-23,58207.07,83.81,,4.0/4.0,,,1341269,2309,1221551,3170,5479,5479,150516,172,117091,142658,359,261956,331417,567,1098,4381,4381
02-Jun-23,58332.1,125.03,,4.0/4.0,,,1343817,2548,1224692,3141,5689,5689,150711,195,117273,142813,337,262212,331694,533,1065,4624,4624
03-Jun-23,58370.51,38.41,,4.0/4.0,,,1344821,1004,1226172,1480,2484,2484,150760,49,117319,142864,97,262248,331726,68,214,2270,2270
04-Jun-23,58370.51,0,,4.0/4.0,,,1344821,0,1226172,0,0,0,150760,0,117319,142864,0,262248,331726,0,0,0,0
05-Jun-23,58527.51,157,,4.0/4.0,,,1349692,4871,1232841,6669,11540,11540,151001,241,117549,143117,483,262615,332163,804,1528,10012,10012
06-Jun-23,58664.91,137.4,,4.0/4.0,,,1354742,5050,1239980,7139,12189,12189,151306,305,117699,143288,321,262924,332546,692,1318,10871,10871
07-Jun-23,58778.88,113.97,,4.0/4.0,,,1358929,4187,1245952,5972,10159,10159,151544,238,117852,143441,306,263139,332905,574,1118,9041,9041
08-Jun-23,58906.12,127.24,,4.0/4.0,,,1362715,3786,1251164,5212,8998,8998,151823,279,118000,143596,303,263372,333218,546,1128,7870,7870
09-Jun-23,59000.59,94.47,,4.0/4.0,,,1365933,3218,1254676,3512,6730,6730,152025,202,118150,143737,291,263609,333555,574,1067,5663,5663
10-Jun-23,59096.43,95.84,,4.0/4.0,,,1368105,2172,1258460,3784,5956,5956,152149,124,118318,143870,301,263688,333733,257,682,5274,5274
11-Jun-23,59150.82,54.39,,4.0/4.0,,,1368979,874,1260541,2081,2955,2955,152177,28,118389,143990,191,263772,333898,249,468,2487,2487
12-Jun-23,59288.18,137.36,,4.0/4.0,,,1373205,4226,1265995,5454,9680,9680,152474,297,118533,144155,309,264030,334256,616,1222,8458,8458
13-Jun-23,59411.18,123,,4.0/4.0,,,1377061,3856,1271413,5418,9274,9274,152730,256,118670,144315,297,264284,334609,607,1160,8114,8114
14-Jun-23,59596.89,185.71,,4.0/4.0,,,1382372,5311,1277870,6457,11768,11768,153029,299,118821,144515,351,264575,335132,814,1464,10304,10304
15-Jun-23,59662.31,65.42,,4.0/4.0,,,1384362,1990,1281868,3998,5988,5988,153259,230,118920,144610,194,264757,335358,408,832,5156,5156
16-Jun-23,59721.56,59.25,,4.0/4.0,,,1386324,1962,1285211,3343,5305,5305,153421,162,118999,144712,181,264835,335498,218,561,4744,4744
17-Jun-23,59886.32,164.76,,4.0/4.0,,,1389504,3180,1288245,3034,6214,6214,153641,220,119158,144889,336,265080,335841,588,1144,5070,5070
18-Jun-23,60032.03,145.71,,4.0/4.0,,,1391566,2062,1291203,2958,5020,5020,153686,45,119210,145067,230,265211,336140,430,705,4315,4315
19-Jun-23,60100.58,68.55,,4.0/4.0,,,1395340,3774,1295283,4080,7854,7854,153915,229,119313,145168,204,265396,336363,408,841,7013,7013
20-Jun-23,60212.06,111.48,,4.0/4.0,,,1398885,3545,1299732,4449,7994,7994,154158,243,119431,145308,258,265599,336675,515,1016,6978,6978
21-Jun-23,60345.39,133.33,,4.0/4.0,,,1403055,4170,1304467,4735,8905,8905,154438,280,119574,145452,287,265834,337008,568,1135,7770,7770
22-Jun-23,60480.75,135.36,,4.0/4.0,,,1406706,3651,1309118,4651,8302,8302,154666,228,119713,145607,294,266057,337351,566,1088,7214,7214
23-Jun-23,60620.25,139.5,,4.0/4.0,,,1409427,2721,1312818,3700,6421,6421,154844,178,119817,145727,224,266229,337629,450,852,5569,5569
24-Jun-23,60741.22,120.97,,4.0/4.0,,,1411307,1880,1315941,3123,5003,5003,154899,55,119889,145849,194,266312,337791,245,494,4509,4509
25-Jun-23,60831.23,90.01,,4.0/4.0,,,1411889,582,1317105,1164,1746,1746,155000,101,119904,145954,120,266392,337945,234,455,1291,1291
26-Jun-23,60951.51,120.28,,4.0/4.0,,,1415207,3318,1321736,4631,7949,7949,155155,155,120023,146109,274,266612,338291,566,995,6954,6954
27-Jun-23,61054.51,103,,4.0/4.0,,,1415781,574,1322967,1231,1805,1805,155228,73,120059,146215,142,266693,338449,239,454,1351,1351
28-Jun-23,61154.51,100,,4.0/4.0,,,1416380,599,1324207,1240,1839,1839,155261,33,120095,146324,145,266775,338615,248,426,1413,1413
29-Jun-23,61254.51,100,,4.0/4.0,,,1416992,612,1325472,1265,1877,1877,155294,33,120133,146434,148,266859,338783,252,433,1444,1444
30-Jun-23,61370.21,115.7,,4.0/4.0,,,1417595,603,1326762,1290,1893,1893,155402,108,120168,146543,144,266948,338939,245,497,1396,1396
01-Jul-23,61481.06,110.85,,4.0/4.0,,,1418770,1175,1328898,2136,3311,3311,155600,198,120250,146666,205,267066,339158,337,740,2571,2571
02-Jul-23,61629.95,148.89,,4.0/4.0,,,1419995,1225,1331960,3062,4287,4287,155781,181,120322,146871,277,267146,339222,144,602,3685,3685
03-Jul-23,61683.72,53.77,,4.0/4.0,,,1422649,2654,1335022,3062,5716,5716,155840,59,120436,146929,172,267395,339686,713,944,4772,4772
04-Jul-23,61827.08,143.36,,4.0/4.0,,,1426238,3589,1340034,5012,8601,8601,156115,275,120550,147081,266,267692,340046,657,1198,7403,7403
05-Jul-23,61968.48,141.4,,4.0/4.0,,,1430195,3957,1345230,5196,9153,9153,156362,247,120665,147235,269,267969,340402,633,1149,8004,8004
06-Jul-23,62108.33,139.85,,4.0/4.0,,,1433837,3642,1350189,4959,8601,8601,156677,315,120789,147392,281,268224,340772,625,1221,7380,7380
07-Jul-23,62299.66,191.33,,4.0/4.0,,,1436999,3162,1355981,5792,8954,8954,156958,281,120932,147618,369,268536,341000,540,1190,7764,7764
08-Jul-23,62329.04,29.38,,4.0/4.0,,,1438738,1739,1358000,2019,3758,3758,157012,54,120992,147631,73,268570,341334,368,495,3263,3263
09-Jul-23,62401.12,72.08,,4.0/4.0,,,1438890,152,1358890,890,1042,1042,157036,24,121000,147699,76,268621,341609,326,426,616,616
10-Jul-23,62502.24,101.12,,4.0/4.0,,,1442920,4030,1364389,5499,9529,9529,157374,338,121138,147968,407,268909,341892,571,1316,8213,8213
11-Jul-23,62629.57,127.33,,4.0/4.0,,,1446573,3653,1369677,5288,8941,8941,157696,322,121272,148132,298,269213,342301,713,1333,7608,7608
12-Jul-23,62756.94,127.37,,4.0/4.0,,,1449987,3414,1374769,5092,8506,8506,157978,282,121408,148291,295,269522,342690,698,1275,7231,7231
13-Jul-23,62953.67,196.73,,4.0/4.0,,,1454059,4072,1380917,6148,10220,10220,158286,308,121548,148527,376,269843,343274,905,1589,8631,8631
14-Jul-23,63083.41,129.74,,4.0/4.0,,,1457076,3017,1385629,4712,7729,7729,158560,274,121626,148703,254,270112,343642,637,1165,6564,6564
15-Jul-23,63110.21,26.8,,4.0/4.0,,,1457200,124,1386800,1171,1295,1295,158579,19,121700,148726,97,270119,343652,17,133,1162,1162
16-Jul-23,63120.56,10.35,,4.0/4.0,,,1457320,120,1388100,1300,1420,1420,158679,100,121775,148811,160,270177,343710,116,376,1044,1044
17-Jul-23,63293.05,172.49,,4.0/4.0,,,1462633,5313,1394526,6426,11739,11739,158916,237,121911,149062,387,270511,344306,930,1554,10185,10185
18-Jul-23,63419.62,126.57,,4.0/4.0,,,1466304,3671,1400023,5497,9168,9168,159220,304,122042,149237,306,270772,344745,700,1310,7858,7858
19-Jul-23,63554.95,135.33,,4.0/4.0,,,1469934,3630,1405554,5531,9161,9161,159529,309,122165,149407,293,271004,345123,610,1212,7949,7949
20-Jul-23,63702.38,147.43,,4.0/4.0,,,1473220,3286,1410783,5229,8515,8515,159819,290,122286,149575,289,271214,345515,602,1181,7334,7334
21-Jul-23,63884.52,182.14,,4.0/4.0,,,1473992,772,1412233,1450,2222,2222,159915,96,122296,149689,124,271298,345713,282,502,1720,1720
22-Jul-23,63995.51,110.99,,4.0/4.0,,,1475558,1566,1414315,2082,3648,3648,159980,65,122341,149808,164,271382,345914,285,514,3134,3134
23-Jul-23,64067.76,72.25,,4.0/4.0,,,1476342,784,1415724,1409,2193,2193,159985,5,122359,149927,137,271507,346131,342,484,1709,1709
24-Jul-23,64117.18,49.42,,4.0/4.0,,,1479761,3419,1421265,5541,8960,8960,160290,305,122492,150095,301,271762,346569,693,1299,7661,7661
25-Jul-23,64241.91,124.73,,4.0/4.0,,,1483591,3830,1426548,5283,9113,9113,160617,327,122617,150258,288,272003,347000,672,1287,7826,7826
26-Jul-23,64372.57,130.66,,4.0/4.0,,,1487340,3749,1432245,5697,9446,9446,160966,349,122755,150374,254,272246,347417,660,1263,8183,8183
27-Jul-23,64578.75,206.18,,4.0/4.0,,,1491160,3820,1437003,4758,8578,8578,161230,264,122895,150534,300,272524,347839,700,1264,7314,7314
28-Jul-23,64617.17,38.42,,4.0/4.0,,,1493680,2520,1441867,4864,7384,7384,161430,200,123105,150634,310,272724,347999,360,870,6514,6514
29-Jul-23,64712.44,95.27,,4.0/4.0,,,1495646,1966,1444538,2671,4637,4637,161574,144,123126,150806,193,272864,348160,301,638,3999,3999
30-Jul-23,64792.44,80,,4.0/4.0,,,1496746,1100,1446728,2190,3290,3290,161678,104,123336,150816,220,272994,348460,430,754,2536,2536
31-Jul-23,64885.4,92.96,,4.0/4.0,,,1499516,2770,1451102,4374,7144,7144,161976.44,298.44,123278.9,151069.48,196.38,273143.75,349022.09,711.84,1206.66,5937.34,5937.34
01-Aug-23,65013.45,128.05,,4.0/4.0,,,1502786,3270,1455688,4586,7856,7856,162307.98,331.54,123400.38,151223.39,275.39,273459.53,349434.09,727.78,1334.71,6521.29,6521.29
02-Aug-23,65140.04,126.59,,4.0/4.0,,,1505992,3206,1460619,4931,8137,8137,162604.97,296.99,123515.4,151365.12,256.75,273685.09,349838.81,630.28,1184.02,6952.98,6952.98
03-Aug-23,65271.31,131.27,,4.0/4.0,,,1509598,3606,1465529,4910,8516,8516,162898.91,293.94,123626.92,151530.09,276.49,273804.25,350288.62,568.97,1139.4,7376.6,7376.6
04-Aug-23,65376.19,104.88,,4.0/4.0,,,1512716,3118,1469641,4112,7230,7230,163207.58,308.67,123783.48,151636.25,262.72,274078.44,350599.88,585.45,1156.84,6073.16,6073.16
05-Aug-23,65502.89,126.7,,4.0/4.0,,,1514098.1,1382.1,1472074.8,2433.8,3815.9,3815.9,163363.22,155.64,123888.87,151772.19,241.33,274272.62,350963.66,557.96,954.93,2860.97,2860.97
06-Aug-23,65624.95,122.06,,4.0/4.0,,,1515084.3,986.2,1474752,2677.2,3663.4,3663.4,163367.91,4.69,123951.31,151885.58,175.83,274395.19,351197.06,355.97,536.49,3126.91,3126.91
07-Aug-23,65755.31,130.36,,4.0/4.0,,,1517928,2843.7,1480499,5747,8590.7,8590.7,163655.6,287.69,124091.5,152036,290.61,274620.2,351629.8,657.75,1236.05,7354.65,7354.65
08-Aug-23,65857.83,102.52,,4.0/4.0,,,1521186,3258,1485635,5136,8394,8394,163953.72,298.12,124222.51,152186.16,281.17,274823.94,352032.5,606.44,1185.73,7208.27,7208.27
09-Aug-23,65990.2,132.37,,4.0/4.0,,,1524403,3217,1490642,5007,8224,8224,164319.3,365.58,124363,152335,289.33,275056,352465,664.56,1319.47,6904.53,6904.53
10-Aug-23,66123.16,132.96,,4.0/4.0,,,1527663,3260,1495777,5135,8395,8395,164626.3,307,124512.2,152474.6,288.8,275295.1,352865.3,639.4,1235.2,7159.8,7159.8
11-Aug-23,66262.56,139.4,,4.0/4.0,,,1531609,3946,1502021,6244,10190,10190,165003,376.7,124677,152691,381.2,275571,353479,889.6,1647.5,8542.5,8542.5
12-Aug-23,66376.84,114.28,,4.0/4.0,,,1533320,1711,1504770,2749,4460,4460,165102,99,124767,152758,157,275637,353627,214,470,3990,3990
13-Aug-23,66466.12,89.28,,4.0/4.0,,,1534198.7,878.7,1506282.3,1512.3,2391,2391,165146.91,44.91,124795.6,152869.41,140.01,275720.38,353823.28,279.66,464.58,1926.42,1926.42
14-Aug-23,66630.9,164.78,,4.0/4.0,,,1537447,3248.3,1511465,5182.7,8431,8431,165430.47,283.56,124919.7,153014.27,268.96,275966.1,354236.06,658.5,1211.02,7219.98,7219.98
15-Aug-23,66763.5,132.6,,4.0/4.0,,,1540571,3124,1516562,5097,8221,8221,165797.9,367.43,125009.4,153154.02,229.45,276174.4,354640.4,612.64,1209.52,7011.48,7011.48
16-Aug-23,66900.7,137.2,,4.0/4.0,,,1544203,3632,1521703,5141,8773,8773,166199.9,402,125167.9,153277.4,281.88,276397.7,355084.3,667.2,1351.08,7421.92,7421.92
17-Aug-23,67032.75,132.05,,4.0/4.0,,,1547381,3178,1526773,5070,8248,8248,166423.6,223.7,125305.5,153423.8,284,276599.5,355514.9,632.4,1140.1,7107.9,7107.9
18-Aug-23,67141.2,108.45,,4.0/4.0,,,1550061,2680,1530771.5,3998.5,6678.5,6678.5,166666,242.4,125402.7,153552.1,225.5,276758.3,355878,521.9,989.8,5688.7,5688.7
19-Aug-23,67270.1,128.9,,4.0/4.0,,,1552261,2200,1535111,4339.5,6539.5,6539.5,166842,176,125534,153692,271.2,276923,356191,477.7,924.9,5614.6,5614.6
20-Aug-23,67376.24,106.14,,4.0/4.0,,,1553103.1,842.1,1536522.5,1411.5,2253.6,2253.6,166871.2,29.2,125580.2,153803.7,157.9,277009.7,356385.4,281.1,468.2,1785.4,1785.4
21-Aug-23,67527.2,150.96,,4.0/4.0,,,1556309,3205.9,1540931,4408.5,7614.4,7614.4,167185,313.8,125709.2,153946.9,272.2,277213.1,356771.3,589.3,1175.3,6439.1,6439.1
22-Aug-23,67650.3,123.1,,4.0/4.0,,,1559835,3526,1545571,4640,8166,8166,167506.3,321.3,125864.3,154090.9,299.1,277443.3,357157.3,616.2,1236.6,6929.4,6929.4
23-Aug-23,67782.5,132.2,,4.0/4.0,,,1563401,3566,1550186,4615,8181,8181,167825.4,319.1,126014.2,154231.1,290.1,277667.5,357543.4,610.3,1219.5,6961.5,6961.5
24-Aug-23,67901.1,118.6,,4.0/4.0,,,1566898,3497,1555831,5645,9142,9142,168117,291.6,126218,154371,343.7,277917,357966,672.1,1307.4,7834.6,7834.6
25-Aug-23,68011,109.9,,4.0/4.0,,,1569772,2874,1560203,4372,7246,7246,168351.6,234.6,126429.6,154496.7,337.3,278121.6,358368.8,607.4,1179.3,6066.7,6066.7
26-Aug-23,68123.19,112.19,,4.0/4.0,,,1571276,1504,1562274,2071,3575,3575,168567,215.4,126554,154556,183.7,278321,358661,491.6,890.7,2684.3,2684.3
27-Aug-23,68205.21,82.02,,4.0/4.0,,,1572346,1070,1564356,2082,3152,3152,168737,170,126631,154596,117,278511,358911,440,727,2425,2425
28-Aug-23,68392.1,186.89,,4.0/4.0,,,1575124,2778,1568243,3887,6665,6665,169024,287,126834,154723,330,278800,359241,619,1236,5429,5429
29-Aug-23,68555.6,163.5,,4.0/4.0,,,1578803,3679,1572916.5,4673.5,8352.5,8352.5,169141.5,117.5,126840,154944.3,227.3,279025,359675.8,659.8,1004.6,7347.9,7347.9
30-Aug-23,"68,708.10",152.5,,4.0/4.0,,,1582053.9,3250.9,1577580.5,4664,7914.9,7914.9,169460,318.5,127020.3,155072.9,308.9,279297.6,360066,662.8,1290.2,6624.7,6624.7
31-Aug-23,68791.35,83.25,,4.0/4.0,,,1584979,2925.1,1582226,4645.5,7570.6,7570.6,169777.4,317.4,127197,155217.94,321.74,279563.4,360498.9,698.7,1337.84,6232.76,6232.76
01-Sep-23,68910.6,119.25,,4.0/4.0,,,1587928,2949,1586525.8,4299.8,7248.8,7248.8,170035,257.6,127348.3,155356,289.36,279804.2,360920.8,662.7,1209.66,6039.14,6039.14
02-Sep-23,68993.6,83,,4.0/4.0,,,1589464.8,1536.8,1588832.6,2306.8,3843.6,3843.6,170188,153,127450,155467.4,213.1,279992.2,361217.9,485.1,851.2,2992.4,2992.4
03-Sep-23,69025.3,31.7,,4.0/4.0,,,1590559.7,1094.9,1591966.6,3134,4228.9,4228.9,170299.6,111.6,127495.4,155572.7,150.7,280115.2,361488,393.1,655.4,3573.5,3573.5
04-Sep-23,69145.31,120.01,,4.0/4.0,,,1593301.3,2741.6,1596242.6,4276,7017.6,7017.6,170542,242.4,127614.8,155712.7,259.4,280354.9,361885.7,637.4,1139.2,5878.4,5878.4
05-Sep-23,69242,96.69,,4.0/4.0,,,1595500,2198.7,1599732,3489.4,5688.1,5688.1,170793,251,127804,155858,334.5,280595,362316,670.4,1255.9,4432.2,4432.2
06-Sep-23,69362.3,120.3,,4.0/4.0,,,1597812,2312,1603640,3908,6220,6220,171081.52,288.52,127947.08,156006.64,291.72,280842.03,362726.53,657.56,1237.8,4982.2,4982.2
07-Sep-23,69468.18,105.88,,4.0/4.0,,,1600896,3084,1607477,3837,6921,6921,171384,302.48,128120,156145,311.28,281079.6,363141,652.04,1265.8,5655.2,5655.2
08-Sep-23,69590.76,122.58,,4.0/4.0,,,1603668,2772,1611055,3578,6350,6350,171634,250,128251,156277,263,281339,363545,663.4,1176.4,5173.6,5173.6
09-Sep-23,69807.92,217.16,,4.0/4.0,,,1606036,2368,1614892,3837,6205,6205,171726,92,128417,156358,247,281531,363780,427,766,5439,5439
10-Sep-23,69815.52,7.6,,4.0/4.0,,,1606292,256,1615342,450,706,706,171832,106,128456,156462,143,281649,363979,317,566,140,140
11-Sep-23,69920.25,104.73,,4.0/4.0,,,1609299,3007,1619594,4252,7259,7259,172074,242,128564,156604,250,281928,364364,664,1156,6103,6103
12-Sep-23,70046.7,126.45,,4.0/4.0,,,1612646.8,3347.8,1623794.6,4200.6,7548.4,7548.4,172348.8,274.8,128746.7,156743.5,322.2,282172.9,364797.9,678.8,1275.8,6272.6,6272.6
13-Sep-23,70184.55,137.85,,4.0/4.0,,,1616258,3611.2,1627964,4169.4,7780.6,7780.6,172629,280.2,128947,156886,342.8,282306,365296,631.2,1254.2,6526.4,6526.4
14-Sep-23,70287.3,102.75,,4.0/4.0,,,1619616,3358,1632620,4656,8014,8014,172949,320,129089.9,157022.4,279.3,282673.4,365640.8,712.2,1311.5,6702.5,6702.5
15-Sep-23,70413,125.7,,4.0/4.0,,,1622625,3009,1636969,4349,7358,7358,173224.1,275.1,129227.9,157153.3,268.9,282910.5,366052.6,648.9,1192.9,6165.1,6165.1
16-Sep-23,70450,37,,4.0/4.0,,,1623970,1345,1640777,3808,5153,5153,173327.1,103,129295.39,157255.5,169.69,283035,366305.06,376.96,649.65,4503.35,4503.35
17-Sep-23,70480,30,,4.0/4.0,,,1625308,1338,1642752,1975,3313,3313,173332.1,5,129324.8,157360.8,134.71,283156.6,366507.5,324.04,463.75,2849.25,2849.25
18-Sep-23,70587.9,107.9,,4.0/4.0,,,1628602,3294,1647768,5016,8310,8310,173592.55,260.45,129451.8,157498.44,264.64,283422.56,366896.25,654.71,1179.8,7130.2,7130.2
19-Sep-23,70705.03,117.13,,4.0/4.0,,,1632307,3705,1652904,5136,8841,8841,173861.2,268.65,129653.9,157630.8,334.46,283726.3,367315.8,723.29,1326.4,7514.6,7514.6
20-Sep-23,70813.2,108.17,,4.0/4.0,,,1636063,3756,1657604.9,4700.9,8456.9,8456.9,174221.4,360.2,129839.9,157780.4,335.6,284012,367737,706.9,1402.7,7054.2,7054.2
21-Sep-23,70934.7,121.5,,4.0/4.0,,,1639358,3295,1662444,4839.1,8134.1,8134.1,174529,307.6,130001.4,157921.1,302.2,284311,368168.4,730.4,1340.2,6793.9,6793.9
22-Sep-23,71047.2,112.5,,4.0/4.0,,,"1,642,424",3066,"1,667,058.20",4614.2,7680.2,7680.2,174859.34,330.34,130150.53,158058.75,286.78,284572.09,368566.94,659.63,1276.75,6403.45,6403.45
23-Sep-23,71126.53,79.33,,4.0/4.0,,,1643983.1,1559.1,1669305.3,2247.1,3806.2,3806.2,175005.2,145.86,130245.27,158151.23,187.22,284713.56,368799.5,374.03,707.11,3099.09,3099.09
24-Sep-23,71199.73,73.2,,4.0/4.0,,,1645029,1045.9,1670677.5,1372.2,2418.1,2418.1,175086.06,80.86,130383.73,158221.47,208.7,284859.47,368975.72,322.13,611.69,1806.41,1806.41
25-Sep-23,71313.43,113.7,,4.0/4.0,,,1648194.2,3165.2,1675454.7,4777.2,7942.4,7942.4,175341.47,255.41,130514.3,158366.92,276.02,285133.31,369332.31,630.43,1161.86,6780.54,6780.54
26-Sep-23,71429.43,116,,4.0/4.0,,,1651382.3,3188.1,1680455.3,5000.6,8188.7,8188.7,175657.59,316.12,130664.96,158511.16,294.9,285408.59,369720.62,663.59,1274.61,6914.09,6914.09
27-Sep-23,71530.27,100.84,,4.0/4.0,,,1654792.9,3410.6,1685322.9,4867.6,8278.2,8278.2,175963.98,306.39,130783.37,158654.66,261.91,285683.94,370112.97,667.7,1236,7042.2,7042.2
28-Sep-23,71599.27,69,,4.0/4.0,,,1658038,3245.1,1689741,4418.1,7663.2,7663.2,176247.77,283.79,130931.36,158790.9,284.23,285963.62,370476.53,643.24,1211.26,6451.94,6451.94
29-Sep-23,71639.27,40,,4.0/4.0,,,1658877.4,839.4,1691121,1380,2219.4,2219.4,176336.62,88.85,131087.34,158899.19,264.27,286123.78,370685.81,369.44,722.56,1496.84,1496.84
30-Sep-23,71744.27,105,,4.0/4.0,,,1660175.9,1298.5,1693349,2228,3526.5,3526.5,176505.64,169.02,131181.64,159032.88,227.99,286265.16,370877.78,333.35,730.36,2796.14,2796.14
01-Oct-23,71784.27,40,,4.0/4.0,,,1660911.6,735.7,1694635,1286,2021.7,2021.7,176577.34,71.7,131223.97,159143.34,152.79,286398.72,371052.09,307.87,532.36,1489.34,1489.34
02-Oct-23,71899.65,115.38,,4.0/4.0,,,1663777,2865.4,1699057,4422,7287.4,7287.4,176800.16,222.82,131290.62,159254.67,177.98,286634.25,371390.12,573.56,974.36,6313.04,6313.04
03-Oct-23,71993.22,93.57,,4.0/4.0,,,1666807.5,3030.5,1703469,4412,7442.5,7442.5,177074.27,274.11,131415.2,159379.02,248.93,286888.97,371779.97,644.57,1167.61,6274.89,6274.89
04-Oct-23,72100.22,107,,4.0/4.0,,,1669797,2989.5,1708209,4740,7729.5,7729.5,177345.52,271.25,131526.16,159528.19,260.13,287159.09,372146.75,636.9,1168.28,6561.22,6561.22
05-Oct-23,72206.16,105.94,,4.0/4.0,,,1672913.1,3116.1,1712238,4029,7145.1,7145.1,177619.09,273.57,131663.25,159670.39,279.29,287413.56,372511.81,619.53,1172.39,5972.71,5972.71
06-Oct-23,72312.91,106.75,,4.0/4.0,,,1676029.3,3116.2,1716197,3959,7075.2,7075.2,177921.41,302.32,131799.28,159808.03,273.67,287669.62,372859.62,603.87,1179.86,5895.34,5895.34
07-Oct-23,72355.61,42.7,,4.0/4.0,,,1677653.2,1623.9,1718088,1891,3514.9,3514.9,178042.77,121.36,131925.47,159930.98,249.14,287812.22,373063.5,346.48,716.98,2797.92,2797.92
08-Oct-23,72390.91,35.3,,4.0/4.0,,,1678368.3,715.1,1719329,1241,1956.1,1956.1,178056.95,14.18,131942.5,160049.22,135.27,287947.44,373259.62,331.34,480.79,1475.31,1475.31
09-Oct-23,72499.1,108.19,,4.0/4.0,,,1681287,2918.7,1723849,4520,7438.7,7438.7,178297,240.05,132015.53,160187.06,210.87,288179.84,373617.31,590.09,1041.01,6397.69,6397.69
10-Oct-23,72616.96,117.86,,4.0/4.0,,,1683914,2627,1729312,5463,8090,8090,178636,339,132257,160361,415.41,288521,373131,-145.15,609.26,7480.74,7480.74
11-Oct-23,72695.12,78.16,,4.0/4.0,,,1688764,4850,1734397,5085,9935,9935,178932,296,132373,160509,264,288749,374489,1586,2146,7789,7789
12-Oct-23,72770.52,75.4,,4.0/4.0,,,1691448,2684,1737933,3536,6220,6220,179176,244,132470,160593,181,288910,374724,396,821,5399,5399
13-Oct-23,72821.84,51.32,,4.0/4.0,,,1694609,3161,1742161,4228,7389,7389,179382,206,132602,160775,314,289201,375142,709,1229,6160,6160
14-Oct-23,72863.4,41.56,,4.0/4.0,,,1696122.4,1513.4,1743879,1718,3231.4,3231.4,179415.91,33.91,132610.59,160825.23,58.82,289249.5,375189.38,95.88,188.61,3042.79,3042.79
15-Oct-23,72898.4,35,,4.0/4.0,,,1697559.4,1437,1744976,1097,2534,2534,179495.91,80,132610.59,160897.23,72,289349.5,375389.38,300,452,2082,2082
16-Oct-23,73010.2,111.8,,4.0/4.0,,,1699993.4,2434,1748210,3234,5668,5668,179637.97,142.06,132688.3,161070.16,250.64,289641.5,375643.62,546.24,938.94,4729.06,4729.06
17-Oct-23,73131.7,121.5,,4.0/4.0,,,1702886,2892.6,1752415.6,4205.6,7098.2,7098.2,179886.14,248.17,132776.31,161212.75,230.6,289897.47,376019.62,631.97,1110.74,5987.46,5987.46
18-Oct-23,73256.1,124.4,,4.0/4.0,,,1706494.1,3608.1,1756187.9,3772.3,7380.4,7380.4,180129.95,243.81,132910.14,161353.16,274.24,290157.66,376367.91,608.48,1126.53,6253.87,6253.87
19-Oct-23,73369.9,113.8,,4.0/4.0,,,1709874.1,3380,1760287.9,4100,7480,7480,180389.84,259.89,133028.83,161492.36,257.89,290397.38,376687.44,559.25,1077.03,6402.97,6402.97
20-Oct-23,73451.9,82,,4.0/4.0,,,1712617.6,2743.5,1763803.3,3515.4,6258.9,6258.9,180629.61,239.77,133084.09,161626.12,189.02,290625.06,376990.59,530.83,959.62,5299.28,5299.28
21-Oct-23,73487.3,35.4,,4.0/4.0,,,1714233.5,1615.9,1766130.9,2327.6,3943.5,3943.5,180722.05,92.44,133141.34,161760.94,192.07,290772.25,377209.03,365.63,650.14,3293.36,3293.36
22-Oct-23,73511.9,24.6,,4.0/4.0,,,1714949.8,716.3,1767364.2,1233.3,1949.6,1949.6,180791.08,69.03,133158.59,161872.75,129.06,290904.16,377369.75,292.63,490.72,1458.88,1458.88
23-Oct-23,73611.8,99.9,,4.0/4.0,,,1717973.6,3023.8,1770957.6,3593.4,6617.2,6617.2,180987.64,196.56,133229.03,162016.8,214.49,291140.41,377681.94,548.44,959.49,5657.71,5657.71
24-Oct-23,73704.01,92.21,,4.0/4.0,,,1721105.3,3131.7,1774961.1,4003.5,7135.2,7135.2,181231.22,243.58,133291.11,162159.19,204.47,291385.59,377999.19,562.43,1010.48,6124.72,6124.72
25-Oct-23,73810.3,106.29,,4.0/4.0,,,1724338.3,3233,1778794.5,3833.4,7066.4,7066.4,181461.27,230.05,133365.56,162299.53,214.79,291620.09,378287.62,522.93,967.77,6098.63,6098.63
26-Oct-23,73919.2,108.9,,4.0/4.0,,,1727553.3,3215,1782451.6,3657.1,6872.1,6872.1,181663.83,202.56,133400.59,162439.47,174.97,291808.31,378528.38,428.98,806.51,6065.59,6065.59
27-Oct-23,73972.8,53.6,,4.0/4.0,,,1730066.8,2513.5,1785158.6,2707,5220.5,5220.5,181842.94,179.11,133413.62,162557.33,130.89,291993.81,378763.41,420.53,730.53,4489.97,4489.97
28-Oct-23,74039.34,66.54,,4.0/4.0,,,1731716.1,1649.3,1786770.4,1611.8,3261.1,3261.1,181948.91,105.97,133429.92,162655.39,114.36,292116.25,378863.91,222.94,443.27,2817.83,2817.83
29-Oct-23,74064.1,24.76,,4.0/4.0,,,1732552.9,836.8,1787864.5,1094.1,1930.9,1930.9,182104.56,155.65,133431.78,162748.28,94.75,292235.94,378947.56,203.34,453.74,1477.16,1477.16
30-Oct-23,74164.87,100.77,,4.0/4.0,,,1734698,2145.1,1790750,2885.5,5030.6,5030.6,182262.08,157.52,133460.73,162874.7,155.37,292444.25,379164.62,425.37,738.26,4292.34,4292.34
31-Oct-23,74256.7,91.83,,4.0/4.0,,,1737461,2763,1793679,2929,5692,5692,182505,242.92,133514,163018,196.57,292682,379460,533.13,972.62,4719.38,4719.38
01-Nov-23,74353.49,96.79,,4.0/4.0,,,1740452,2991,1796611,2932,5923,5923,182713.14,208.14,133573.91,163145.97,187.88,292890.72,379713.12,461.84,857.86,5065.14,5065.14
02-Nov-23,74466.602,113.112,,4.0/4.0,,,1743838,3386,1799891,3280,6666,6666,182932.05,218.91,133625.62,163274.45,180.19,293094.72,379978.91,469.79,868.89,5797.11,5797.11
03-Nov-23,74555.7,89.098,,4.0/4.0,,,1746886,3048,1802019,2128,5176,5176,183115.02,182.97,133670.02,163399.36,169.31,293291.75,380219.97,438.09,790.37,4385.63,4385.63
04-Nov-23,74621.1,65.4,,4.0/4.0,,,1747816,930,1802900,881,1811,1811,183300.89,185.87,133725.14,163521.38,177.14,293441.59,380353.5,283.37,646.38,1164.62,1164.62
05-Nov-23,74661.7,40.6,,4.0/4.0,,,1748486,670,1803519,619,1289,1289,183326.97,26.08,133736.86,163613.3,103.64,293568.91,380477.47,251.29,381.01,907.99,907.99
06-Nov-23,74745.6,83.9,,4.0/4.0,,,1752165,3679,1807319,3800,7479,7479,183481.92,154.95,133793.38,163739.02,182.24,293767.12,380719.56,440.3,777.49,6701.51,6701.51
07-Nov-23,74845.354,99.754,,4.0/4.0,,,1755279,3114,1810251,2932,6046,6046,183686.11,204.19,133839.47,163861.28,168.35,293992.94,380958.53,464.79,837.33,5208.67,5208.67
08-Nov-23,74938.4,93.046,,4.0/4.0,,,1758518,3239,1813056,2805,6044,6044,183825.91,139.8,133880.62,163982.81,162.68,294217.41,381201.12,467.06,769.54,5274.46,5274.46
09-Nov-23,75033.72,95.32,,4.0/4.0,,,1761803,3285,1816042,2986,6271,6271,184045.11,219.2,133925,164115,176.57,294453.75,381464.25,499.47,895.24,5375.76,5375.76
10-Nov-23,75127.51,93.79,,4.0/4.0,,,1764672,2869,1818569,2527,5396,5396,184209,163.89,133962,164215,137,294684,381682,448,748.89,4647.11,4647.11
11-Nov-23,75199.58,72.07,,4.0/4.0,,,1766216.5,1544.5,1820203.9,1634.9,3179.4,3179.4,184305.69,96.69,133999.97,164276.27,99.24,294840.72,381848.56,323.28,519.21,2660.19,2660.19
12-Nov-23,75267.58,68,,4.0/4.0,,,1766849.9,633.4,1821022.2,818.3,1451.7,1451.7,184314.23,8.54,134008.3,164321.94,54,294980.44,381975.22,266.38,328.92,1122.78,1122.78
13-Nov-23,75314.9,47.32,,4.0/4.0,,,1769684,2834.1,1823034,2011.8,4845.9,4845.9,184427.11,112.88,134045.5,164422.12,137.38,295191.47,382173.19,409,659.26,4186.64,4186.64
14-Nov-23,75405.26,90.36,,4.0/4.0,,,1772630.1,2946.1,1825255,2221,5167.1,5167.1,184603.41,176.3,134084.27,164541.7,158.35,295406.03,382366.81,408.18,742.83,4424.27,4424.27
15-Nov-23,75526.232,120.972,,4.0/4.0,,,1775603,2972.9,1827365,2110,5082.9,5082.9,184772.42,169.01,134133.22,164657.45,164.7,295623.75,382578.72,429.63,763.34,4319.56,4319.56
16-Nov-23,75610.06,83.828,,4.0/4.0,,,1778883,3280,1830086,2721,6001,6001,184928.23,155.81,134185.2,164774.06,168.59,295867.31,382813.16,478,802.4,5198.6,5198.6
17-Nov-23,75706.37,96.31,,4.0/4.0,,,1781344,2461,1832003,1917,4378,4378,185100.55,172.32,134221.31,164882.05,144.1,296064.41,382993.25,377.19,693.61,3684.39,3684.39
18-Nov-23,75770.38,64.01,,4.0/4.0,,,1782706,1362,1832925,922,2284,2284,185170.52,69.97,134247.17,164960.44,104.25,296210.28,383125.41,278.03,452.25,1831.75,1831.75
19-Nov-23,75799.58,29.2,,4.0/4.0,,,1783287,581,1833668,743,1324,1324,185174.94,4.42,134276.38,165025.5,94.27,296335.5,383240.56,240.37,339.06,984.94,984.94
20-Nov-23,75902.53,102.95,,4.0/4.0,,,1786429,3142,1836006,2338,5480,5480,185311,136.06,134345,165139,182.12,296533,383439,395.94,714.12,4765.88,4765.88
21-Nov-23,75997.45,94.92,,4.0/4.0,,,1789884,3455,1838340,2334,5789,5789,185502,191,134391.34,165256,163.34,296732,383674,434,788.34,5000.66,5000.66
22-Nov-23,76081.59,84.14,,4.0/4.0,,,1793161,3277,1840660,2320,5597,5597,185637,135,134444.59,165363,160.25,296949,383870,413,708.25,4888.75,4888.75
23-Nov-23,76184.72,103.13,,4.0/4.0,,,1796121,2960,1842965,2305,5265,5265,185811,174,134485.41,165468.61,146.43,297148.59,384064.78,394.37,714.8,4550.2,4550.2
24-Nov-23,76268.8,84.08,,4.0/4.0,,,1798751,2630,1844697,1732,4362,4362,185974,163,134519.22,165574.11,139.31,297317.44,384238.78,342.85,645.16,3716.84,3716.84
25-Nov-23,76268.8,0,,4.0/4.0,,,1800116,1365,1845619,922,2287,2287,186041,67,134538.3,165638.52,83.49,297454.16,384360.2,258.14,408.63,1878.37,1878.37
26-Nov-23,76268.8,0,,4.0/4.0,,,1800636,520,1846329,710,1230,1230,186045,4,134556.64,165699.48,79.3,297566.38,384479.31,231.33,314.63,915.37,915.37
27-Nov-23,76462.74,193.94,,4.0/4.0,,,1803265,2629,1847976,1647,4276,4276,186150,105,134638,165834,215.88,297773,384729,456.31,777.19,3498.81,3498.81
28-Nov-23,76551.78,89.04,,4.0/4.0,,,1806537,3272,1849855,1879,5151,5151,186300,150,134684,165964,176,297944,384917,359,685,4466,4466
29-Nov-23,76651.31,99.53,,4.0/4.0,,,1809783,3246,1851594,1739,4985,4985,186416,116,134723,166096,171,298104,385092,335,622,4363,4363
30-Nov-23,76739.18,87.87,,4.0/4.0,,,1812617,2834,1853447,1853,4687,4687,186556,140,134757,166233,171,298275,385293,372,683,4004,4004
01-Dec-23,76812.73,73.55,,4.0/4.0,,,1815112.1,2495.1,1854867.1,1420.1,3915.2,3915.2,186676,120,134809,166352,171,298413,385445,290,581,3334.2,3334.2
02-Dec-23,76812.73,0,,4.0/4.0,,,1815735,622.9,1855598.9,731.8,1354.7,1354.7,186712.28,36.28,134830,166443.64,112.64,298508.31,385555,205.31,354.23,1000.47,1000.47
03-Dec-23,76812.73,0,,4.0/4.0,,,1816232.9,497.9,1856264,665.1,1163,1163,186727.77,15.49,134841.12,166533.83,101.31,298601.69,385661.44,199.82,316.62,846.38,846.38
04-Dec-23,76812.73,0,,4.0/4.0,,,1816749,516.1,1856937.7,673.7,1189.8,1189.8,186738.17,10.4,134853.75,166626.42,105.22,298693.28,385765.91,196.06,311.68,878.12,878.12
05-Dec-23,77092.42,279.69,,4.0/4.0,,,1819615,2866,1858734,1796.3,4662.3,4662.3,186890,151.83,134934,166777,230.83,298852,385960,352.81,735.47,3926.83,3926.83
06-Dec-23,77191.24,98.82,,4.0/4.0,,,1822868,3253,1860538,1804,5057,5057,187050,160,135021,166916,226,299029,386158,375,761,4296,4296
07-Dec-23,77300.18,108.94,,4.0/4.0,,,1825933,3065,1862023,1485,4550,4550,187192,142,135068,167032,163,299196,386343,352,657,3893,3893
08-Dec-23,77400.12,99.94,,4.0/4.0,,,1827935,2002,1863200,1177,3179,3179,187280,88,135088,167125,113,299235,386510,206,407,2772,2772
09-Dec-23,77465.32,65.2,,4.0/4.0,,,1827935,0,1863200,0,0,0,187280,0,135088,167125,0,299235,386510,0,0,0,0
10-Dec-23,77502.23,36.91,,4.0/4.0,,,1827935,0,1863200,0,0,0,187280,0,135088,167125,0,299235,386510,0,0,0,0
11-Dec-23,77603.12,100.89,,4.0/4.0,,,1833250,5315,1866091,2891,8206,8206,187526,246,135240,167351,378,299778,386902,935,1559,6647,6647
12-Dec-23,77693.5,90.38,,4.0/4.0,,,1836308,3058,1867754,1663,4721,4721,187654,128,135328,167449,186,299925,387053,298,612,4109,4109
13-Dec-23,77791.47,97.97,,4.0/4.0,,,1838977,2669,1869263,1509,4178,4178,187786,132,135414,167551,188,300051,387220,293,613,3565,3565
14-Dec-23,77908.54,117.07,,4.0/4.0,,,1841805,2828,1870763,1500,4328,4328,187928,142,135483,167660,178,300223,387405,357,677,3651,3651
15-Dec-23,77998.43,89.89,,4.0/4.0,,,1844256,2451,1871773,1010,3461,3461,187990,62,135542,167750,149,300356,387537,265,476,2985,2985
16-Dec-23,78061.81,63.38,,4.0/4.0,,,1845482,1226,1872353,580,1806,1806,188090,100,135593,167818,119,300446,387640,193,412,1394,1394
17-Dec-23,78166.36,104.55,,4.0/4.0,,,1845482,0,1872353,0,0,0,188090,0,135593,167818,0,300446,387640,0,0,0,0
18-Dec-23,78232.64,66.28,,4.0/4.0,,,1849632,4150,1873915,1562,5712,5712,188186,96,135713,168007,309,300681,387904,499,904,4808,4808
19-Dec-23,78341.5,108.86,,4.0/4.0,,,1852508,2876,1875399,1484,4360,4360,188283,97,135783,168115,178,300821,388050,286,561,3799,3799
20-Dec-23,78469.51,128.01,,4.0/4.0,,,1855571,3063,1877025,1626,4689,4689,188419,136,135836,168234,172,300966,388220,315,623,4066,4066
21-Dec-23,78600.21,130.7,,4.0/4.0,,,1858750.5,3179.5,1878521,1496,4675.5,4675.5,188471.55,52.55,135887.42,168324.98,142.4,301079.72,388340.97,234.69,429.64,4245.86,4245.86
22-Dec-23,78693.5,93.29,,4.0/4.0,,,1861247.9,2497.4,1879933.2,1412.2,3909.6,3909.6,188584.31,112.76,135944.55,168422.81,154.96,301212.97,388498.03,290.31,558.03,3351.57,3351.57
23-Dec-23,78801,107.5,,4.0/4.0,,,1863258.6,2010.7,1880646.2,713,2723.7,2723.7,188673.41,89.1,135993.03,168523.77,149.44,301309.5,388609.78,208.28,446.82,2276.88,2276.88
24-Dec-23,78801,0,,4.0/4.0,,,1863758.1,499.5,1881062.4,416.2,915.7,915.7,188702.66,29.25,136032.86,168585.89,101.95,301399.25,388711.72,191.69,322.89,592.81,592.81
25-Dec-23,78801,0,,4.0/4.0,,,1864588.2,830.1,1881535.9,473.5,1303.6,1303.6,188722.22,19.56,136075.59,168652.83,109.67,301490.41,388815.56,195,324.23,979.37,979.37
26-Dec-23,79041.32,240.32,,4.0/4.0,,,1867417,2828.8,1882814,1278.1,4106.9,4106.9,188810,87.78,136151,168756,178.58,301624,388966,284.03,550.39,3556.51,3556.51
27-Dec-23,79172.88,131.56,,4.0/4.0,,,1870609,3192,1884474,1660,4852,4852,188940,130,136230,168849,172,301778,389116,304,606,4246,4246
28-Dec-23,79300.12,127.24,,4.0/4.0,,,1872931,2322,1885563,1089,3411,3411,189072,132,136292,168953,166,301932,389270,308,606,2805,2805
29-Dec-23,79383.14,83.02,,4.0/4.0,,,1874518,1587,1886172,609,2196,2196,189163,91,136337,169037,129,302052,389399,249,469,1727,1727
30-Dec-23,79383.14,0,,4.0/4.0,,,1874518,0,1886172,0,0,0,189163,0,136337,169037,0,302052,389399,0,0,0,0
31-Dec-23,79383.14,0,,4.0/4.0,,,1874518,0,1886172,0,0,0,189163,0,136337,169037,0,302052,389399,0,0,0,0
01-Jan-24,,-79383.14,,,,,,,,,,,,,,,,,,,,,
02-Jan-24,,,,,,,,,,,,,,,,,,,,,,,
03-Jan-24,,,,,,,,,,,,,,,,,,,,,,,
04-Jan-24,,,,,,,,,,,,,,,,,,,,,,,
05-Jan-24,,,,,,,,,,,,,,,,,,,,,,,
06-Jan-24,,,,,,,,,,,,,,,,,,,,,,,
07-Jan-24,,,,,,,,,,,,,,,,,,,,,,,
08-Jan-24,,,,,,,,,,,,,,,,,,,,,,,
09-Jan-24,,,,,,,,,,,,,,,,,,,,,,,
10-Jan-24,,,,,,,,,,,,,,,,,,,,,,,
11-Jan-24,,,,,,,,,,,,,,,,,,,,,,,
12-Jan-24,,,,,,,,,,,,,,,,,,,,,,,
13-Jan-24,,,,,,,,,,,,,,,,,,,,,,,
14-Jan-24,,,,,,,,,,,,,,,,,,,,,,,
15-Jan-24,,,,,,,,,,,,,,,,,,,,,,,
16-Jan-24,,,,,,,,,,,,,,,,,,,,,,,
17-Jan-24,,,,,,,,,,,,,,,,,,,,,,,
18-Jan-24,,,,,,,,,,,,,,,,,,,,,,,
19-Jan-24,,,,,,,,,,,,,,,,,,,,,,,
20-Jan-24,,,,,,,,,,,,,,,,,,,,,,,
21-Jan-24,,,,,,,,,,,,,,,,,,,,,,,
22-Jan-24,,,,,,,,,,,,,,,,,,,,,,,
23-Jan-24,,,,,,,,,,,,,,,,,,,,,,,
24-Jan-24,,,,,,,,,,,,,,,,,,,,,,,
25-Jan-24,,,,,,,,,,,,,,,,,,,,,,,
26-Jan-24,,,,,,,,,,,,,,,,,,,,,,,
27-Jan-24,,,,,,,,,,,,,,,,,,,,,,,
28-Jan-24,,,,,,,,,,,,,,,,,,,,,,,
29-Jan-24,,,,,,,,,,,,,,,,,,,,,,,
30-Jan-24,,,,,,,,,,,,,,,,,,,,,,,
31-Jan-24,,,,,,,,,,,,,,,,,,,,,,,
01-Feb-24,,,,,,,,,,,,,,,,,,,,,,,
02-Feb-24,,,,,,,,,,,,,,,,,,,,,,,
03-Feb-24,,,,,,,,,,,,,,,,,,,,,,,
04-Feb-24,,,,,,,,,,,,,,,,,,,,,,,
05-Feb-24,,,,,,,,,,,,,,,,,,,,,,,
06-Feb-24,,,,,,,,,,,,,,,,,,,,,,,
07-Feb-24,,,,,,,,,,,,,,,,,,,,,,,
08-Feb-24,,,,,,,,,,,,,,,,,,,,,,,
09-Feb-24,,,,,,,,,,,,,,,,,,,,,,,
10-Feb-24,,,,,,,,,,,,,,,,,,,,,,,
11-Feb-24,,,,,,,,,,,,,,,,,,,,,,,
12-Feb-24,,,,,,,,,,,,,,,,,,,,,,,
13-Feb-24,,,,,,,,,,,,,,,,,,,,,,,
14-Feb-24,,,,,,,,,,,,,,,,,,,,,,,
15-Feb-24,,,,,,,,,,,,,,,,,,,,,,,
16-Feb-24,,,,,,,,,,,,,,,,,,,,,,,
17-Feb-24,,,,,,,,,,,,,,,,,,,,,,,
18-Feb-24,,,,,,,,,,,,,,,,,,,,,,,
19-Feb-24,,,,,,,,,,,,,,,,,,,,,,,
20-Feb-24,,,,,,,,,,,,,,,,,,,,,,,
21-Feb-24,,,,,,,,,,,,,,,,,,,,,,,
22-Feb-24,,,,,,,,,,,,,,,,,,,,,,,
23-Feb-24,,,,,,,,,,,,,,,,,,,,,,,
24-Feb-24,,,,,,,,,,,,,,,,,,,,,,,
25-Feb-24,,,,,,,,,,,,,,,,,,,,,,,
26-Feb-24,,,,,,,,,,,,,,,,,,,,,,,
27-Feb-24,,,,,,,,,,,,,,,,,,,,,,,
28-Feb-24,,,,,,,,,,,,,,,,,,,,,,,
29-Feb-24,,,,,,,,,,,,,,,,,,,,,,,
01-Mar-24,,,,,,,,,,,,,,,,,,,,,,,
02-Mar-24,,,,,,,,,,,,,,,,,,,,,,,
03-Mar-24,,,,,,,,,,,,,,,,,,,,,,,
04-Mar-24,,,,,,,,,,,,,,,,,,,,,,,
05-Mar-24,,,,,,,,,,,,,,,,,,,,,,,
06-Mar-24,,,,,,,,,,,,,,,,,,,,,,,
07-Mar-24,,,,,,,,,,,,,,,,,,,,,,,
08-Mar-24,,,,,,,,,,,,,,,,,,,,,,,
09-Mar-24,,,,,,,,,,,,,,,,,,,,,,,
10-Mar-24,,,,,,,,,,,,,,,,,,,,,,,
11-Mar-24,,,,,,,,,,,,,,,,,,,,,,,
12-Mar-24,,,,,,,,,,,,,,,,,,,,,,,
13-Mar-24,,,,,,,,,,,,,,,,,,,,,,,
14-Mar-24,,,,,,,,,,,,,,,,,,,,,,,
15-Mar-24,,,,,,,,,,,,,,,,,,,,,,,
16-Mar-24,,,,,,,,,,,,,,,,,,,,,,,
17-Mar-24,,,,,,,,,,,,,,,,,,,,,,,
18-Mar-24,,,,,,,,,,,,,,,,,,,,,,,
19-Mar-24,,,,,,,,,,,,,,,,,,,,,,,
20-Mar-24,,,,,,,,,,,,,,,,,,,,,,,
21-Mar-24,,,,,,,,,,,,,,,,,,,,,,,
22-Mar-24,,,,,,,,,,,,,,,,,,,,,,,
23-Mar-24,,,,,,,,,,,,,,,,,,,,,,,
24-Mar-24,,,,,,,,,,,,,,,,,,,,,,,
25-Mar-24,,,,,,,,,,,,,,,,,,,,,,,
26-Mar-24,,,,,,,,,,,,,,,,,,,,,,,
27-Mar-24,,,,,,,,,,,,,,,,,,,,,,,
28-Mar-24,,,,,,,,,,,,,,,,,,,,,,,
29-Mar-24,,,,,,,,,,,,,,,,,,,,,,,
30-Mar-24,,,,,,,,,,,,,,,,,,,,,,,
31-Mar-24,,,,,,,,,,,,,,,,,,,,,,,
01-Apr-24,,,,,,,,,,,,,,,,,,,,,,,
02-Apr-24,,,,,,,,,,,,,,,,,,,,,,,
03-Apr-24,,,,,,,,,,,,,,,,,,,,,,,
04-Apr-24,,,,,,,,,,,,,,,,,,,,,,,
05-Apr-24,,,,,,,,,,,,,,,,,,,,,,,
06-Apr-24,,,,,,,,,,,,,,,,,,,,,,,
07-Apr-24,,,,,,,,,,,,,,,,,,,,,,,
08-Apr-24,,,,,,,,,,,,,,,,,,,,,,,
09-Apr-24,,,,,,,,,,,,,,,,,,,,,,,
10-Apr-24,,,,,,,,,,,,,,,,,,,,,,,
11-Apr-24,,,,,,,,,,,,,,,,,,,,,,,
12-Apr-24,,,,,,,,,,,,,,,,,,,,,,,
13-Apr-24,,,,,,,,,,,,,,,,,,,,,,,
14-Apr-24,,,,,,,,,,,,,,,,,,,,,,,
15-Apr-24,,,,,,,,,,,,,,,,,,,,,,,
16-Apr-24,,,,,,,,,,,,,,,,,,,,,,,
